id,nome,sobrenome,idade,email
1,cliente1,sobrenome1,22,cliente1@email.com
2,cliente2,sobrenome2,41,cliente2@email.com
3,cliente3,sobrenome3,80,cliente3@email.com
4,cliente4,sobrenome4,48,cliente4@email.com
5,cliente5,sobrenome5,20,cliente5@email.com
6,cliente6,sobrenome6,78,cliente6@email.com
7,cliente7,sobrenome7,54,cliente7@email.com
8,cliente8,sobrenome8,59,cliente8@email.com
9,cliente9,sobrenome9,45,cliente9@email.com
10,cliente10,sobrenome10,24,cliente10@email.com
11,cliente11,sobrenome11,71,cliente11@email.com
12,cliente12,sobrenome12,62,cliente12@email.com
13,cliente13,sobrenome13,24,cliente13@email.com
14,cliente14,sobrenome14,43,cliente14@email.com
15,cliente15,sobrenome15,20,cliente15@email.com
16,cliente16,sobrenome16,41,cliente16@email.com
17,cliente17,sobrenome17,43,cliente17@email.com
18,cliente18,sobrenome18,42,cliente18@email.com
19,cliente19,sobrenome19,64,cliente19@email.com
20,cliente20,sobrenome20,23,cliente20@email.com
21,cliente21,sobrenome21,45,cliente21@email.com
22,cliente22,sobrenome22,26,cliente22@email.com
23,cliente23,sobrenome23,49,cliente23@email.com
24,cliente24,sobrenome24,28,cliente24@email.com
25,cliente25,sobrenome25,74,cliente25@email.com
26,cliente26,sobrenome26,42,cliente26@email.com
27,cliente27,sobrenome27,51,cliente27@email.com
28,cliente28,sobrenome28,38,cliente28@email.com
29,cliente29,sobrenome29,50,cliente29@email.com
30,cliente30,sobrenome30,24,cliente30@email.com
31,cliente31,sobrenome31,37,cliente31@email.com
32,cliente32,sobrenome32,65,cliente32@email.com
33,cliente33,sobrenome33,60,cliente33@email.com
34,cliente34,sobrenome34,51,cliente34@email.com
35,cliente35,sobrenome35,26,cliente35@email.com
36,cliente36,sobrenome36,23,cliente36@email.com
37,cliente37,sobrenome37,22,cliente37@email.com
38,cliente38,sobrenome38,26,cliente38@email.com
39,cliente39,sobrenome39,22,cliente39@email.com
40,cliente40,sobrenome40,35,cliente40@email.com
41,cliente41,sobrenome41,20,cliente41@email.com
42,cliente42,sobrenome42,56,cliente42@email.com
43,cliente43,sobrenome43,71,cliente43@email.com
44,cliente44,sobrenome44,61,cliente44@email.com
45,cliente45,sobrenome45,48,cliente45@email.com
46,cliente46,sobrenome46,74,cliente46@email.com
47,cliente47,sobrenome47,51,cliente47@email.com
48,cliente48,sobrenome48,58,cliente48@email.com
49,cliente49,sobrenome49,69,cliente49@email.com
50,cliente50,sobrenome50,38,cliente50@email.com
51,cliente51,sobrenome51,37,cliente51@email.com
52,cliente52,sobrenome52,60,cliente52@email.com
53,cliente53,sobrenome53,75,cliente53@email.com
54,cliente54,sobrenome54,39,cliente54@email.com
55,cliente55,sobrenome55,63,cliente55@email.com
56,cliente56,sobrenome56,42,cliente56@email.com
57,cliente57,sobrenome57,45,cliente57@email.com
58,cliente58,sobrenome58,61,cliente58@email.com
59,cliente59,sobrenome59,27,cliente59@email.com
60,cliente60,sobrenome60,66,cliente60@email.com
61,cliente61,sobrenome61,24,cliente61@email.com
62,cliente62,sobrenome62,36,cliente62@email.com
63,cliente63,sobrenome63,79,cliente63@email.com
64,cliente64,sobrenome64,53,cliente64@email.com
65,cliente65,sobrenome65,78,cliente65@email.com
66,cliente66,sobrenome66,60,cliente66@email.com
67,cliente67,sobrenome67,51,cliente67@email.com
68,cliente68,sobrenome68,73,cliente68@email.com
69,cliente69,sobrenome69,34,cliente69@email.com
70,cliente70,sobrenome70,50,cliente70@email.com
71,cliente71,sobrenome71,55,cliente71@email.com
72,cliente72,sobrenome72,44,cliente72@email.com
73,cliente73,sobrenome73,57,cliente73@email.com
74,cliente74,sobrenome74,36,cliente74@email.com
75,cliente75,sobrenome75,80,cliente75@email.com
76,cliente76,sobrenome76,29,cliente76@email.com
77,cliente77,sobrenome77,36,cliente77@email.com
78,cliente78,sobrenome78,39,cliente78@email.com
79,cliente79,sobrenome79,21,cliente79@email.com
80,cliente80,sobrenome80,27,cliente80@email.com
81,cliente81,sobrenome81,59,cliente81@email.com
82,cliente82,sobrenome82,52,cliente82@email.com
83,cliente83,sobrenome83,79,cliente83@email.com
84,cliente84,sobrenome84,73,cliente84@email.com
85,cliente85,sobrenome85,63,cliente85@email.com
86,cliente86,sobrenome86,69,cliente86@email.com
87,cliente87,sobrenome87,33,cliente87@email.com
88,cliente88,sobrenome88,45,cliente88@email.com
89,cliente89,sobrenome89,38,cliente89@email.com
90,cliente90,sobrenome90,20,cliente90@email.com
91,cliente91,sobrenome91,38,cliente91@email.com
92,cliente92,sobrenome92,39,cliente92@email.com
93,cliente93,sobrenome93,60,cliente93@email.com
94,cliente94,sobrenome94,44,cliente94@email.com
95,cliente95,sobrenome95,28,cliente95@email.com
96,cliente96,sobrenome96,40,cliente96@email.com
97,cliente97,sobrenome97,79,cliente97@email.com
98,cliente98,sobrenome98,49,cliente98@email.com
99,cliente99,sobrenome99,41,cliente99@email.com
100,cliente100,sobrenome100,52,cliente100@email.com
101,cliente101,sobrenome101,56,cliente101@email.com
102,cliente102,sobrenome102,52,cliente102@email.com
103,cliente103,sobrenome103,61,cliente103@email.com
104,cliente104,sobrenome104,27,cliente104@email.com
105,cliente105,sobrenome105,78,cliente105@email.com
106,cliente106,sobrenome106,39,cliente106@email.com
107,cliente107,sobrenome107,75,cliente107@email.com
108,cliente108,sobrenome108,48,cliente108@email.com
109,cliente109,sobrenome109,34,cliente109@email.com
110,cliente110,sobrenome110,70,cliente110@email.com
111,cliente111,sobrenome111,62,cliente111@email.com
112,cliente112,sobrenome112,26,cliente112@email.com
113,cliente113,sobrenome113,27,cliente113@email.com
114,cliente114,sobrenome114,36,cliente114@email.com
115,cliente115,sobrenome115,51,cliente115@email.com
116,cliente116,sobrenome116,38,cliente116@email.com
117,cliente117,sobrenome117,66,cliente117@email.com
118,cliente118,sobrenome118,35,cliente118@email.com
119,cliente119,sobrenome119,54,cliente119@email.com
120,cliente120,sobrenome120,28,cliente120@email.com
121,cliente121,sobrenome121,76,cliente121@email.com
122,cliente122,sobrenome122,28,cliente122@email.com
123,cliente123,sobrenome123,26,cliente123@email.com
124,cliente124,sobrenome124,63,cliente124@email.com
125,cliente125,sobrenome125,45,cliente125@email.com
126,cliente126,sobrenome126,79,cliente126@email.com
127,cliente127,sobrenome127,69,cliente127@email.com
128,cliente128,sobrenome128,69,cliente128@email.com
129,cliente129,sobrenome129,69,cliente129@email.com
130,cliente130,sobrenome130,41,cliente130@email.com
131,cliente131,sobrenome131,30,cliente131@email.com
132,cliente132,sobrenome132,42,cliente132@email.com
133,cliente133,sobrenome133,31,cliente133@email.com
134,cliente134,sobrenome134,70,cliente134@email.com
135,cliente135,sobrenome135,42,cliente135@email.com
136,cliente136,sobrenome136,49,cliente136@email.com
137,cliente137,sobrenome137,73,cliente137@email.com
138,cliente138,sobrenome138,28,cliente138@email.com
139,cliente139,sobrenome139,71,cliente139@email.com
140,cliente140,sobrenome140,22,cliente140@email.com
141,cliente141,sobrenome141,71,cliente141@email.com
142,cliente142,sobrenome142,64,cliente142@email.com
143,cliente143,sobrenome143,70,cliente143@email.com
144,cliente144,sobrenome144,29,cliente144@email.com
145,cliente145,sobrenome145,35,cliente145@email.com
146,cliente146,sobrenome146,40,cliente146@email.com
147,cliente147,sobrenome147,48,cliente147@email.com
148,cliente148,sobrenome148,78,cliente148@email.com
149,cliente149,sobrenome149,66,cliente149@email.com
150,cliente150,sobrenome150,56,cliente150@email.com
151,cliente151,sobrenome151,57,cliente151@email.com
152,cliente152,sobrenome152,46,cliente152@email.com
153,cliente153,sobrenome153,70,cliente153@email.com
154,cliente154,sobrenome154,64,cliente154@email.com
155,cliente155,sobrenome155,56,cliente155@email.com
156,cliente156,sobrenome156,50,cliente156@email.com
157,cliente157,sobrenome157,47,cliente157@email.com
158,cliente158,sobrenome158,35,cliente158@email.com
159,cliente159,sobrenome159,70,cliente159@email.com
160,cliente160,sobrenome160,21,cliente160@email.com
161,cliente161,sobrenome161,77,cliente161@email.com
162,cliente162,sobrenome162,47,cliente162@email.com
163,cliente163,sobrenome163,57,cliente163@email.com
164,cliente164,sobrenome164,25,cliente164@email.com
165,cliente165,sobrenome165,40,cliente165@email.com
166,cliente166,sobrenome166,55,cliente166@email.com
167,cliente167,sobrenome167,46,cliente167@email.com
168,cliente168,sobrenome168,73,cliente168@email.com
169,cliente169,sobrenome169,44,cliente169@email.com
170,cliente170,sobrenome170,69,cliente170@email.com
171,cliente171,sobrenome171,31,cliente171@email.com
172,cliente172,sobrenome172,31,cliente172@email.com
173,cliente173,sobrenome173,46,cliente173@email.com
174,cliente174,sobrenome174,21,cliente174@email.com
175,cliente175,sobrenome175,71,cliente175@email.com
176,cliente176,sobrenome176,58,cliente176@email.com
177,cliente177,sobrenome177,74,cliente177@email.com
178,cliente178,sobrenome178,71,cliente178@email.com
179,cliente179,sobrenome179,51,cliente179@email.com
180,cliente180,sobrenome180,45,cliente180@email.com
181,cliente181,sobrenome181,23,cliente181@email.com
182,cliente182,sobrenome182,74,cliente182@email.com
183,cliente183,sobrenome183,24,cliente183@email.com
184,cliente184,sobrenome184,21,cliente184@email.com
185,cliente185,sobrenome185,59,cliente185@email.com
186,cliente186,sobrenome186,32,cliente186@email.com
187,cliente187,sobrenome187,78,cliente187@email.com
188,cliente188,sobrenome188,51,cliente188@email.com
189,cliente189,sobrenome189,46,cliente189@email.com
190,cliente190,sobrenome190,43,cliente190@email.com
191,cliente191,sobrenome191,32,cliente191@email.com
192,cliente192,sobrenome192,55,cliente192@email.com
193,cliente193,sobrenome193,71,cliente193@email.com
194,cliente194,sobrenome194,24,cliente194@email.com
195,cliente195,sobrenome195,39,cliente195@email.com
196,cliente196,sobrenome196,52,cliente196@email.com
197,cliente197,sobrenome197,28,cliente197@email.com
198,cliente198,sobrenome198,22,cliente198@email.com
199,cliente199,sobrenome199,57,cliente199@email.com